Dataset,Model,Protocol,Mean Accuracy,Std Accuracy,Accuracy Display,Mean Macro-F1,Std Macro-F1,Macro-F1 Display
dataset1,Random Forest,Single Split,0.9977272727272728,0.0,0.9977,0.998015273762782,0.0,0.9980
dataset1,Random Forest,5-Fold CV,0.9954545454545455,0.0032141217326661065,0.9955 +/- 0.0032,0.9954482829964215,0.0032161352240866023,0.9954 +/- 0.0032
dataset1,Random Forest,10x Repeated,0.9952272727272728,0.0012901050277217363,0.9952 +/- 0.0013,0.9952208681348603,0.0012935941563569937,0.9952 +/- 0.0013
dataset1,XGBoost,Single Split,0.9977272727272728,0.0,0.9977,0.9977313239345325,0.0,0.9977
dataset1,XGBoost,5-Fold CV,0.9940909090909091,0.004430361065822265,0.9941 +/- 0.0044,0.9940840780956315,0.004435770458444558,0.9941 +/- 0.0044
dataset1,XGBoost,10x Repeated,0.9888636363636364,0.003929182569663631,0.9889 +/- 0.0039,0.9888167503577094,0.003975733189482212,0.9888 +/- 0.0040
dataset1,SVM (RBF),Single Split,0.9931818181818182,0.0,0.9932,0.9940458212883464,0.0,0.9940
dataset1,SVM (RBF),5-Fold CV,0.985909090909091,0.004371678195834363,0.9859 +/- 0.0044,0.9858401390485948,0.004467932632431671,0.9858 +/- 0.0045
dataset1,SVM (RBF),10x Repeated,0.9897727272727271,0.0030772872744832752,0.9898 +/- 0.0031,0.9897503543195695,0.0030986250767849905,0.9898 +/- 0.0031
dataset1,KNN,Single Split,0.9840909090909092,0.0,0.9841,0.9855345468554856,0.0,0.9855
dataset1,KNN,5-Fold CV,0.9809090909090908,0.010732471775561544,0.9809 +/- 0.0107,0.9807313734213159,0.010884450538299987,0.9807 +/- 0.0109
dataset1,KNN,10x Repeated,0.9822727272727272,0.009014833200390022,0.9823 +/- 0.0090,0.9822173735817243,0.009105282101319674,0.9822 +/- 0.0091
dataset1,Gaussian Naive Bayes,Single Split,0.9931818181818182,0.0,0.9932,0.9940683430045132,0.0,0.9941
dataset1,Gaussian Naive Bayes,5-Fold CV,0.9945454545454545,0.0020327890704544046,0.9945 +/- 0.0020,0.9945317625109844,0.002040330605972662,0.9945 +/- 0.0020
dataset1,Gaussian Naive Bayes,10x Repeated,0.9956818181818182,0.0029242816766089008,0.9957 +/- 0.0029,0.9956765528010714,0.0029270730194219303,0.9957 +/- 0.0029
dataset2,Random Forest,Single Split,0.27,0.0,0.2700,0.247976737269274,0.0,0.2480
dataset2,Random Forest,5-Fold CV,0.22600000000000003,0.059413803110051795,0.2260 +/- 0.0594,0.20620453838771832,0.05217929641620807,0.2062 +/- 0.0522
dataset2,Random Forest,10x Repeated,0.233,0.035605867181937555,0.2330 +/- 0.0356,0.2090038074819766,0.03744111713204536,0.2090 +/- 0.0374
dataset2,XGBoost,Single Split,0.21,0.0,0.2100,0.1909019607843137,0.0,0.1909
dataset2,XGBoost,5-Fold CV,0.22399999999999998,0.03507135583350036,0.2240 +/- 0.0351,0.21996671513189167,0.0348665672153919,0.2200 +/- 0.0349
dataset2,XGBoost,10x Repeated,0.192,0.029739610697593944,0.1920 +/- 0.0297,0.18162918446450108,0.028477264249934256,0.1816 +/- 0.0285
dataset2,SVM (RBF),Single Split,0.17,0.0,0.1700,0.1519125890016664,0.0,0.1519
dataset2,SVM (RBF),5-Fold CV,0.22000000000000003,0.05612486080160913,0.2200 +/- 0.0561,0.21139151086448785,0.04899007122222576,0.2114 +/- 0.0490
dataset2,SVM (RBF),10x Repeated,0.20800000000000002,0.028982753492378877,0.2080 +/- 0.0290,0.19726704825305935,0.026359149380029638,0.1973 +/- 0.0264
dataset2,KNN,Single Split,0.17,0.0,0.1700,0.1702564102564102,0.0,0.1703
dataset2,KNN,5-Fold CV,0.21200000000000002,0.023874672772626643,0.2120 +/- 0.0239,0.2071108582114205,0.014699845048642692,0.2071 +/- 0.0147
dataset2,KNN,10x Repeated,0.20999999999999996,0.03333333333333333,0.2100 +/- 0.0333,0.20141286580819528,0.030379929017137628,0.2014 +/- 0.0304
dataset2,Gaussian Naive Bayes,Single Split,0.22,0.0,0.2200,0.1872221691352126,0.0,0.1872
dataset2,Gaussian Naive Bayes,5-Fold CV,0.2,0.023452078799117145,0.2000 +/- 0.0235,0.17871155843077963,0.02509974776297972,0.1787 +/- 0.0251
dataset2,Gaussian Naive Bayes,10x Repeated,0.179,0.025144029554194817,0.1790 +/- 0.0251,0.15776035462201732,0.02163781492189791,0.1578 +/- 0.0216
