dataset,model,protocol,seed_or_fold,accuracy,macro_f1
dataset1,Random Forest,Single Split,0,0.9977272727272727,0.998015273762782
dataset1,Random Forest,5-Fold CV,Fold 1,0.9954545454545455,0.9954431533378901
dataset1,Random Forest,5-Fold CV,Fold 2,0.9954545454545455,0.9954431533378901
dataset1,Random Forest,5-Fold CV,Fold 3,1.0,1.0
dataset1,Random Forest,5-Fold CV,Fold 4,0.9954545454545455,0.9954517027687758
dataset1,Random Forest,5-Fold CV,Fold 5,0.990909090909091,0.9909034055375519
dataset1,Random Forest,10x Repeated,Seed 0,0.9954545454545455,0.9954431533378901
dataset1,Random Forest,10x Repeated,Seed 1,0.9954545454545455,0.995451702768776
dataset1,Random Forest,10x Repeated,Seed 2,0.9954545454545455,0.9954517027687758
dataset1,Random Forest,10x Repeated,Seed 3,0.9954545454545455,0.9954517027687758
dataset1,Random Forest,10x Repeated,Seed 4,0.9954545454545455,0.9954517027687758
dataset1,Random Forest,10x Repeated,Seed 5,0.9977272727272727,0.997725851384388
dataset1,Random Forest,10x Repeated,Seed 6,0.9954545454545455,0.9954517027687758
dataset1,Random Forest,10x Repeated,Seed 7,0.9931818181818182,0.9931690047222781
dataset1,Random Forest,10x Repeated,Seed 8,0.9931818181818182,0.9931690047222781
dataset1,Random Forest,10x Repeated,Seed 9,0.9954545454545455,0.9954431533378901
dataset1,XGBoost,Single Split,0,0.9977272727272727,0.9977313239345325
dataset1,XGBoost,5-Fold CV,Fold 1,0.9954545454545455,0.995451702768776
dataset1,XGBoost,5-Fold CV,Fold 2,0.9886363636363636,0.9886306782648245
dataset1,XGBoost,5-Fold CV,Fold 3,0.990909090909091,0.9908863066757804
dataset1,XGBoost,5-Fold CV,Fold 4,1.0,1.0
dataset1,XGBoost,5-Fold CV,Fold 5,0.9954545454545455,0.995451702768776
dataset1,XGBoost,10x Repeated,Seed 0,0.990909090909091,0.9908948561066662
dataset1,XGBoost,10x Repeated,Seed 1,0.9863636363636363,0.9863244863244863
dataset1,XGBoost,10x Repeated,Seed 2,0.990909090909091,0.9909062482233214
dataset1,XGBoost,10x Repeated,Seed 3,0.990909090909091,0.9908948561066659
dataset1,XGBoost,10x Repeated,Seed 4,0.9954545454545455,0.995451702768776
dataset1,XGBoost,10x Repeated,Seed 5,0.9886363636363636,0.9886292569219399
dataset1,XGBoost,10x Repeated,Seed 6,0.9840909090909091,0.9839670278373744
dataset1,XGBoost,10x Repeated,Seed 7,0.9886363636363636,0.988533609559373
dataset1,XGBoost,10x Repeated,Seed 8,0.990909090909091,0.9908948561066662
dataset1,XGBoost,10x Repeated,Seed 9,0.9818181818181818,0.9816706036218231
dataset1,SVM (RBF),Single Split,0,0.9931818181818182,0.9940458212883463
dataset1,SVM (RBF),5-Fold CV,Fold 1,0.9840909090909091,0.9840553113980586
dataset1,SVM (RBF),5-Fold CV,Fold 2,0.9863636363636363,0.9863010972767071
dataset1,SVM (RBF),5-Fold CV,Fold 3,0.9818181818181818,0.9813279477359301
dataset1,SVM (RBF),5-Fold CV,Fold 4,0.9840909090909091,0.9843387846791137
dataset1,SVM (RBF),5-Fold CV,Fold 5,0.9931818181818182,0.9931775541531639
dataset1,SVM (RBF),10x Repeated,Seed 0,0.990909090909091,0.990909090909091
dataset1,SVM (RBF),10x Repeated,Seed 1,0.9886363636363636,0.9886848923434289
dataset1,SVM (RBF),10x Repeated,Seed 2,0.9931818181818182,0.9931803968389334
dataset1,SVM (RBF),10x Repeated,Seed 3,0.9863636363636363,0.9862911265029364
dataset1,SVM (RBF),10x Repeated,Seed 4,0.9886363636363636,0.9886861106373303
dataset1,SVM (RBF),10x Repeated,Seed 5,0.9931818181818182,0.9932303468888836
dataset1,SVM (RBF),10x Repeated,Seed 6,0.9886363636363636,0.9885065725887293
dataset1,SVM (RBF),10x Repeated,Seed 7,0.9840909090909091,0.9840237843641134
dataset1,SVM (RBF),10x Repeated,Seed 8,0.9931818181818182,0.9931221217806584
dataset1,SVM (RBF),10x Repeated,Seed 9,0.990909090909091,0.9908691003415904
dataset1,KNN,Single Split,0,0.9840909090909091,0.9855345468554855
dataset1,KNN,5-Fold CV,Fold 1,0.9772727272727273,0.9769404884937618
dataset1,KNN,5-Fold CV,Fold 2,0.9840909090909091,0.9839971175016103
dataset1,KNN,5-Fold CV,Fold 3,0.9954545454545455,0.9954517027687758
dataset1,KNN,5-Fold CV,Fold 4,0.9659090909090909,0.9655279363163651
dataset1,KNN,5-Fold CV,Fold 5,0.9818181818181818,0.9817396220260656
dataset1,KNN,10x Repeated,Seed 0,0.9840909090909091,0.9839985885751177
dataset1,KNN,10x Repeated,Seed 1,0.9886363636363636,0.9885693360982194
dataset1,KNN,10x Repeated,Seed 2,0.9886363636363636,0.9886612675817678
dataset1,KNN,10x Repeated,Seed 3,0.9795454545454545,0.979516984940605
dataset1,KNN,10x Repeated,Seed 4,0.9840909090909091,0.9841207145443345
dataset1,KNN,10x Repeated,Seed 5,0.990909090909091,0.9909561982732714
dataset1,KNN,10x Repeated,Seed 6,0.9818181818181818,0.981834760755261
dataset1,KNN,10x Repeated,Seed 7,0.9704545454545455,0.9702827616819915
dataset1,KNN,10x Repeated,Seed 8,0.990909090909091,0.9908863066757803
dataset1,KNN,10x Repeated,Seed 9,0.9636363636363636,0.9633468166908957
dataset1,Gaussian Naive Bayes,Single Split,0,0.9931818181818182,0.9940683430045133
dataset1,Gaussian Naive Bayes,5-Fold CV,Fold 1,0.9931818181818182,0.9931432489572025
dataset1,Gaussian Naive Bayes,5-Fold CV,Fold 2,0.9954545454545455,0.9954431533378901
dataset1,Gaussian Naive Bayes,5-Fold CV,Fold 3,0.9977272727272727,0.997725851384388
dataset1,Gaussian Naive Bayes,5-Fold CV,Fold 4,0.9931818181818182,0.9931690047222781
dataset1,Gaussian Naive Bayes,5-Fold CV,Fold 5,0.9931818181818182,0.9931775541531639
dataset1,Gaussian Naive Bayes,10x Repeated,Seed 0,0.9954545454545455,0.9954431533378901
dataset1,Gaussian Naive Bayes,10x Repeated,Seed 1,0.9954545454545455,0.995451702768776
dataset1,Gaussian Naive Bayes,10x Repeated,Seed 2,1.0,1.0
dataset1,Gaussian Naive Bayes,10x Repeated,Seed 3,1.0,1.0
dataset1,Gaussian Naive Bayes,10x Repeated,Seed 4,0.9954545454545455,0.9954517027687758
dataset1,Gaussian Naive Bayes,10x Repeated,Seed 5,0.9977272727272727,0.997725851384388
dataset1,Gaussian Naive Bayes,10x Repeated,Seed 6,0.9931818181818182,0.9931690047222781
dataset1,Gaussian Naive Bayes,10x Repeated,Seed 7,0.9931818181818182,0.9931775541531639
dataset1,Gaussian Naive Bayes,10x Repeated,Seed 8,0.990909090909091,0.9909034055375519
dataset1,Gaussian Naive Bayes,10x Repeated,Seed 9,0.9954545454545455,0.9954431533378901
dataset2,Random Forest,Single Split,0,0.27,0.247976737269274
dataset2,Random Forest,5-Fold CV,Fold 1,0.19,0.17397229853103252
dataset2,Random Forest,5-Fold CV,Fold 2,0.3,0.27704012360129215
dataset2,Random Forest,5-Fold CV,Fold 3,0.28,0.24364500349406013
dataset2,Random Forest,5-Fold CV,Fold 4,0.17,0.15173575659897848
dataset2,Random Forest,5-Fold CV,Fold 5,0.19,0.1846295097132285
dataset2,Random Forest,10x Repeated,Seed 0,0.2,0.16554727551397916
dataset2,Random Forest,10x Repeated,Seed 1,0.24,0.21420325203252033
dataset2,Random Forest,10x Repeated,Seed 2,0.29,0.2698389147084799
dataset2,Random Forest,10x Repeated,Seed 3,0.18,0.14816961267265527
dataset2,Random Forest,10x Repeated,Seed 4,0.27,0.2521757057451868
dataset2,Random Forest,10x Repeated,Seed 5,0.24,0.2141025641025641
dataset2,Random Forest,10x Repeated,Seed 6,0.26,0.23804662056650275
dataset2,Random Forest,10x Repeated,Seed 7,0.24,0.19675638371290544
dataset2,Random Forest,10x Repeated,Seed 8,0.22,0.2009206349206349
dataset2,Random Forest,10x Repeated,Seed 9,0.19,0.19027711084433774
dataset2,XGBoost,Single Split,0,0.21,0.19090196078431373
dataset2,XGBoost,5-Fold CV,Fold 1,0.22,0.21522976316719689
dataset2,XGBoost,5-Fold CV,Fold 2,0.26,0.2622228350799779
dataset2,XGBoost,5-Fold CV,Fold 3,0.25,0.24369282891022026
dataset2,XGBoost,5-Fold CV,Fold 4,0.22,0.20689786168423935
dataset2,XGBoost,5-Fold CV,Fold 5,0.17,0.1717902868178242
dataset2,XGBoost,10x Repeated,Seed 0,0.22,0.20504658385093172
dataset2,XGBoost,10x Repeated,Seed 1,0.22,0.21762605439226174
dataset2,XGBoost,10x Repeated,Seed 2,0.24,0.22399113082039915
dataset2,XGBoost,10x Repeated,Seed 3,0.16,0.15171957041926082
dataset2,XGBoost,10x Repeated,Seed 4,0.17,0.15519737919737922
dataset2,XGBoost,10x Repeated,Seed 5,0.16,0.15038759689922482
dataset2,XGBoost,10x Repeated,Seed 6,0.21,0.19517098980513614
dataset2,XGBoost,10x Repeated,Seed 7,0.18,0.16592395578921224
dataset2,XGBoost,10x Repeated,Seed 8,0.2,0.19276440500702685
dataset2,XGBoost,10x Repeated,Seed 9,0.16,0.15846417846417846
dataset2,SVM (RBF),Single Split,0,0.17,0.15191258900166643
dataset2,SVM (RBF),5-Fold CV,Fold 1,0.15,0.14915549696037503
dataset2,SVM (RBF),5-Fold CV,Fold 2,0.28,0.2663572060123784
dataset2,SVM (RBF),5-Fold CV,Fold 3,0.27,0.25398460333242945
dataset2,SVM (RBF),5-Fold CV,Fold 4,0.22,0.20529599073672022
dataset2,SVM (RBF),5-Fold CV,Fold 5,0.18,0.18216425728053637
dataset2,SVM (RBF),10x Repeated,Seed 0,0.18,0.1859324226775501
dataset2,SVM (RBF),10x Repeated,Seed 1,0.23,0.20897259062776302
dataset2,SVM (RBF),10x Repeated,Seed 2,0.19,0.17134099283530257
dataset2,SVM (RBF),10x Repeated,Seed 3,0.24,0.22099730458221023
dataset2,SVM (RBF),10x Repeated,Seed 4,0.17,0.16430749374848752
dataset2,SVM (RBF),10x Repeated,Seed 5,0.19,0.18223616992673256
dataset2,SVM (RBF),10x Repeated,Seed 6,0.21,0.20225987477219004
dataset2,SVM (RBF),10x Repeated,Seed 7,0.26,0.2544892711642862
dataset2,SVM (RBF),10x Repeated,Seed 8,0.22,0.1967247678945792
dataset2,SVM (RBF),10x Repeated,Seed 9,0.19,0.18540959430149254
dataset2,KNN,Single Split,0,0.17,0.17025641025641025
dataset2,KNN,5-Fold CV,Fold 1,0.19,0.19315315315315315
dataset2,KNN,5-Fold CV,Fold 2,0.2,0.1966082669343539
dataset2,KNN,5-Fold CV,Fold 3,0.22,0.21356052959246957
dataset2,KNN,5-Fold CV,Fold 4,0.25,0.2294471544715447
dataset2,KNN,5-Fold CV,Fold 5,0.2,0.2027851869055813
dataset2,KNN,10x Repeated,Seed 0,0.17,0.16462871600253007
dataset2,KNN,10x Repeated,Seed 1,0.2,0.201010101010101
dataset2,KNN,10x Repeated,Seed 2,0.24,0.22508876836786723
dataset2,KNN,10x Repeated,Seed 3,0.22,0.21702839202839205
dataset2,KNN,10x Repeated,Seed 4,0.21,0.19334553456893883
dataset2,KNN,10x Repeated,Seed 5,0.22,0.20976190476190473
dataset2,KNN,10x Repeated,Seed 6,0.25,0.24065168873679516
dataset2,KNN,10x Repeated,Seed 7,0.25,0.2304184212193235
dataset2,KNN,10x Repeated,Seed 8,0.15,0.14223655913978495
dataset2,KNN,10x Repeated,Seed 9,0.19,0.18995857224631565
dataset2,Gaussian Naive Bayes,Single Split,0,0.22,0.18722216913521264
dataset2,Gaussian Naive Bayes,5-Fold CV,Fold 1,0.17,0.15227036452220796
dataset2,Gaussian Naive Bayes,5-Fold CV,Fold 2,0.21,0.1799515757720092
dataset2,Gaussian Naive Bayes,5-Fold CV,Fold 3,0.22,0.20738008256853488
dataset2,Gaussian Naive Bayes,5-Fold CV,Fold 4,0.22,0.19924242424242425
dataset2,Gaussian Naive Bayes,5-Fold CV,Fold 5,0.18,0.1547133450487219
dataset2,Gaussian Naive Bayes,10x Repeated,Seed 0,0.19,0.1713973365136156
dataset2,Gaussian Naive Bayes,10x Repeated,Seed 1,0.15,0.14704403148339074
dataset2,Gaussian Naive Bayes,10x Repeated,Seed 2,0.19,0.16500802183137658
dataset2,Gaussian Naive Bayes,10x Repeated,Seed 3,0.2,0.17243589743589743
dataset2,Gaussian Naive Bayes,10x Repeated,Seed 4,0.2,0.18000973225415778
dataset2,Gaussian Naive Bayes,10x Repeated,Seed 5,0.15,0.1190531349312424
dataset2,Gaussian Naive Bayes,10x Repeated,Seed 6,0.18,0.16087313329568967
dataset2,Gaussian Naive Bayes,10x Repeated,Seed 7,0.22,0.18309576563908042
dataset2,Gaussian Naive Bayes,10x Repeated,Seed 8,0.15,0.12665836634597244
dataset2,Gaussian Naive Bayes,10x Repeated,Seed 9,0.16,0.15202812648975053
