model,protocol,seed_or_fold,accuracy,macro_f1
Random Forest,Single Split,0,0.9977272727272727,0.998015273762782
Random Forest,5-Fold CV,Fold 1,0.9954545454545455,0.9954431533378901
Random Forest,5-Fold CV,Fold 2,0.9954545454545455,0.9954431533378901
Random Forest,5-Fold CV,Fold 3,1.0,1.0
Random Forest,5-Fold CV,Fold 4,0.9954545454545455,0.9954517027687758
Random Forest,5-Fold CV,Fold 5,0.990909090909091,0.9909034055375519
Random Forest,10x Repeated,Seed 0,0.9954545454545455,0.9954431533378901
Random Forest,10x Repeated,Seed 1,0.9954545454545455,0.995451702768776
Random Forest,10x Repeated,Seed 2,0.9954545454545455,0.9954517027687758
Random Forest,10x Repeated,Seed 3,0.9954545454545455,0.9954517027687758
Random Forest,10x Repeated,Seed 4,0.9954545454545455,0.9954517027687758
Random Forest,10x Repeated,Seed 5,0.9977272727272727,0.997725851384388
Random Forest,10x Repeated,Seed 6,0.9954545454545455,0.9954517027687758
Random Forest,10x Repeated,Seed 7,0.9931818181818182,0.9931690047222781
Random Forest,10x Repeated,Seed 8,0.9931818181818182,0.9931690047222781
Random Forest,10x Repeated,Seed 9,0.9954545454545455,0.9954431533378901
XGBoost,Single Split,0,0.9977272727272727,0.9977313239345325
XGBoost,5-Fold CV,Fold 1,0.9954545454545455,0.995451702768776
XGBoost,5-Fold CV,Fold 2,0.9886363636363636,0.9886306782648245
XGBoost,5-Fold CV,Fold 3,0.990909090909091,0.9908863066757804
XGBoost,5-Fold CV,Fold 4,1.0,1.0
XGBoost,5-Fold CV,Fold 5,0.9954545454545455,0.995451702768776
XGBoost,10x Repeated,Seed 0,0.990909090909091,0.9908948561066662
XGBoost,10x Repeated,Seed 1,0.9863636363636363,0.9863244863244863
XGBoost,10x Repeated,Seed 2,0.990909090909091,0.9909062482233214
XGBoost,10x Repeated,Seed 3,0.990909090909091,0.9908948561066659
XGBoost,10x Repeated,Seed 4,0.9954545454545455,0.995451702768776
XGBoost,10x Repeated,Seed 5,0.9886363636363636,0.9886292569219399
XGBoost,10x Repeated,Seed 6,0.9840909090909091,0.9839670278373744
XGBoost,10x Repeated,Seed 7,0.9886363636363636,0.988533609559373
XGBoost,10x Repeated,Seed 8,0.990909090909091,0.9908948561066662
XGBoost,10x Repeated,Seed 9,0.9818181818181818,0.9816706036218231
SVM (RBF),Single Split,0,0.9931818181818182,0.9940458212883463
SVM (RBF),5-Fold CV,Fold 1,0.9840909090909091,0.9840553113980586
SVM (RBF),5-Fold CV,Fold 2,0.9863636363636363,0.9863010972767071
SVM (RBF),5-Fold CV,Fold 3,0.9818181818181818,0.9813279477359301
SVM (RBF),5-Fold CV,Fold 4,0.9840909090909091,0.9843387846791137
SVM (RBF),5-Fold CV,Fold 5,0.9931818181818182,0.9931775541531639
SVM (RBF),10x Repeated,Seed 0,0.990909090909091,0.990909090909091
SVM (RBF),10x Repeated,Seed 1,0.9886363636363636,0.9886848923434289
SVM (RBF),10x Repeated,Seed 2,0.9931818181818182,0.9931803968389334
SVM (RBF),10x Repeated,Seed 3,0.9863636363636363,0.9862911265029364
SVM (RBF),10x Repeated,Seed 4,0.9886363636363636,0.9886861106373303
SVM (RBF),10x Repeated,Seed 5,0.9931818181818182,0.9932303468888836
SVM (RBF),10x Repeated,Seed 6,0.9886363636363636,0.9885065725887293
SVM (RBF),10x Repeated,Seed 7,0.9840909090909091,0.9840237843641134
SVM (RBF),10x Repeated,Seed 8,0.9931818181818182,0.9931221217806584
SVM (RBF),10x Repeated,Seed 9,0.990909090909091,0.9908691003415904
KNN,Single Split,0,0.9840909090909091,0.9855345468554855
KNN,5-Fold CV,Fold 1,0.9772727272727273,0.9769404884937618
KNN,5-Fold CV,Fold 2,0.9840909090909091,0.9839971175016103
KNN,5-Fold CV,Fold 3,0.9954545454545455,0.9954517027687758
KNN,5-Fold CV,Fold 4,0.9659090909090909,0.9655279363163651
KNN,5-Fold CV,Fold 5,0.9818181818181818,0.9817396220260656
KNN,10x Repeated,Seed 0,0.9840909090909091,0.9839985885751177
KNN,10x Repeated,Seed 1,0.9886363636363636,0.9885693360982194
KNN,10x Repeated,Seed 2,0.9886363636363636,0.9886612675817678
KNN,10x Repeated,Seed 3,0.9795454545454545,0.979516984940605
KNN,10x Repeated,Seed 4,0.9840909090909091,0.9841207145443345
KNN,10x Repeated,Seed 5,0.990909090909091,0.9909561982732714
KNN,10x Repeated,Seed 6,0.9818181818181818,0.981834760755261
KNN,10x Repeated,Seed 7,0.9704545454545455,0.9702827616819915
KNN,10x Repeated,Seed 8,0.990909090909091,0.9908863066757803
KNN,10x Repeated,Seed 9,0.9636363636363636,0.9633468166908957
Gaussian Naive Bayes,Single Split,0,0.9931818181818182,0.9940683430045133
Gaussian Naive Bayes,5-Fold CV,Fold 1,0.9931818181818182,0.9931432489572025
Gaussian Naive Bayes,5-Fold CV,Fold 2,0.9954545454545455,0.9954431533378901
Gaussian Naive Bayes,5-Fold CV,Fold 3,0.9977272727272727,0.997725851384388
Gaussian Naive Bayes,5-Fold CV,Fold 4,0.9931818181818182,0.9931690047222781
Gaussian Naive Bayes,5-Fold CV,Fold 5,0.9931818181818182,0.9931775541531639
Gaussian Naive Bayes,10x Repeated,Seed 0,0.9954545454545455,0.9954431533378901
Gaussian Naive Bayes,10x Repeated,Seed 1,0.9954545454545455,0.995451702768776
Gaussian Naive Bayes,10x Repeated,Seed 2,1.0,1.0
Gaussian Naive Bayes,10x Repeated,Seed 3,1.0,1.0
Gaussian Naive Bayes,10x Repeated,Seed 4,0.9954545454545455,0.9954517027687758
Gaussian Naive Bayes,10x Repeated,Seed 5,0.9977272727272727,0.997725851384388
Gaussian Naive Bayes,10x Repeated,Seed 6,0.9931818181818182,0.9931690047222781
Gaussian Naive Bayes,10x Repeated,Seed 7,0.9931818181818182,0.9931775541531639
Gaussian Naive Bayes,10x Repeated,Seed 8,0.990909090909091,0.9909034055375519
Gaussian Naive Bayes,10x Repeated,Seed 9,0.9954545454545455,0.9954431533378901
