Model,Class,Support,Precision,Recall,F1_OOF,CV_F1_Mean,CV_F1_Std
Random Forest,Cotton,107.0,0.2481,0.2991,0.2712,0.2628,0.104
Random Forest,Maize,111.0,0.2057,0.2613,0.2302,0.2262,0.0647
Random Forest,Rice,82.0,0.1778,0.0976,0.126,0.1231,0.0808
Random Forest,Soybean,108.0,0.3025,0.3333,0.3172,0.3205,0.0762
Random Forest,Wheat,92.0,0.1212,0.087,0.1013,0.0985,0.0401
XGBoost,Cotton,107.0,0.2294,0.2336,0.2315,0.2308,0.0498
XGBoost,Maize,111.0,0.208,0.2342,0.2203,0.2193,0.0596
XGBoost,Rice,82.0,0.2121,0.1707,0.1892,0.1845,0.07
XGBoost,Soybean,108.0,0.271,0.2685,0.2698,0.2737,0.0462
XGBoost,Wheat,92.0,0.1935,0.1957,0.1946,0.1916,0.0422
SVM (RBF),Cotton,107.0,0.2807,0.2991,0.2896,0.2803,0.0816
SVM (RBF),Maize,111.0,0.2348,0.2793,0.2551,0.2561,0.0644
SVM (RBF),Rice,82.0,0.1974,0.1829,0.1899,0.1863,0.0716
SVM (RBF),Soybean,108.0,0.2128,0.1852,0.198,0.2006,0.1424
SVM (RBF),Wheat,92.0,0.1429,0.1304,0.1364,0.1336,0.0518
KNN,Cotton,107.0,0.2596,0.2523,0.2559,0.2504,0.0914
KNN,Maize,111.0,0.1894,0.2252,0.2058,0.2068,0.1061
KNN,Rice,82.0,0.2143,0.1829,0.1974,0.1907,0.0626
KNN,Soybean,108.0,0.2407,0.2407,0.2407,0.2404,0.0381
KNN,Wheat,92.0,0.1512,0.1413,0.1461,0.1473,0.0621
Gaussian Naive Bayes,Cotton,107.0,0.208,0.243,0.2241,0.2211,0.0616
Gaussian Naive Bayes,Maize,111.0,0.1953,0.2252,0.2092,0.2116,0.0515
Gaussian Naive Bayes,Rice,82.0,0.0714,0.0244,0.0364,0.0339,0.042
Gaussian Naive Bayes,Soybean,108.0,0.2282,0.3148,0.2646,0.2644,0.0183
Gaussian Naive Bayes,Wheat,92.0,0.1857,0.1413,0.1605,0.1626,0.0482
Majority Baseline (ZeroR),Cotton,107.0,0.0,0.0,0.0,0.0,0.0
Majority Baseline (ZeroR),Maize,111.0,0.222,1.0,0.3633,0.3633,0.0053
Majority Baseline (ZeroR),Rice,82.0,0.0,0.0,0.0,0.0,0.0
Majority Baseline (ZeroR),Soybean,108.0,0.0,0.0,0.0,0.0,0.0
Majority Baseline (ZeroR),Wheat,92.0,0.0,0.0,0.0,0.0,0.0
